{"cameraMode":{"drawMode":0,"name":"Shaded","section":"Shading Mode"},"sceneLighting":true,"audioPlay":false,"sceneViewState":{"m_AlwaysRefresh":false,"showFog":true,"showSkybox":true,"showFlares":true,"showImageEffects":true,"showParticleSystems":true,"showVisualEffectGraphs":true,"m_FxEnabled":true},"in2DMode":false,"pivot":{"x":6.817445755004883,"y":-18.53876304626465,"z":45.576072692871097},"rotation":{"x":0.22044920921325684,"y":0.017550939694046975,"z":-0.0039722491055727009,"w":0.9752403497695923},"size":51.5610466003418,"orthographic":false}