{"cameraMode":{"drawMode":2,"name":"Shaded Wireframe","section":"Shading Mode"},"sceneLighting":true,"audioPlay":false,"sceneViewState":{"m_AlwaysRefresh":false,"showFog":true,"showSkybox":true,"showFlares":true,"showImageEffects":true,"showParticleSystems":true,"showVisualEffectGraphs":true,"m_FxEnabled":true},"in2DMode":false,"pivot":{"x":-63.019195556640628,"y":-136.05210876464845,"z":53.02644348144531},"rotation":{"x":0.27280616760253909,"y":0.004324833396822214,"z":-0.0012281321687623859,"w":0.9620638489723206},"size":207.52027893066407,"orthographic":false}