{"cameraMode":{"drawMode":2,"name":"Shaded Wireframe","section":"Shading Mode"},"sceneLighting":true,"audioPlay":false,"sceneViewState":{"m_AlwaysRefresh":false,"showFog":true,"showSkybox":true,"showFlares":true,"showImageEffects":true,"showParticleSystems":true,"showVisualEffectGraphs":true,"m_FxEnabled":true},"in2DMode":false,"pivot":{"x":3.725876808166504,"y":-121.89335632324219,"z":61.15885925292969},"rotation":{"x":0.27280616760253909,"y":0.004324833396822214,"z":-0.0012281321687623859,"w":0.9620638489723206},"size":266.0521545410156,"orthographic":false}