{"cameraMode":{"drawMode":0,"name":"Shaded","section":"Shading Mode"},"sceneLighting":true,"audioPlay":false,"sceneViewState":{"m_AlwaysRefresh":false,"showFog":true,"showSkybox":true,"showFlares":true,"showImageEffects":true,"showParticleSystems":true,"showVisualEffectGraphs":true,"m_FxEnabled":true},"in2DMode":false,"pivot":{"x":2.5385189056396486,"y":-6.181537628173828,"z":11.195259094238282},"rotation":{"x":0.2929041385650635,"y":-0.01721501536667347,"z":0.005269609857350588,"w":0.9559797644615173},"size":60.98588943481445,"orthographic":false}